timestamp,price,prediction,prob,action,speed,open_positions,equity,real_trade_ticket,notes
2025-11-03 21:32:52.930888,4010.0,0,0.9999781607126422,SELL,0.0,1,10000.0,1,
2025-11-03 21:32:58.117726,4010.13,0,0.9999781607126422,SELL,0.032500000000027285,2,10000.0,2,
2025-11-03 21:33:03.181519,4010.65,0,0.9999781607126422,SELL,0.05958333333334546,1,9999.9883,1,
2025-11-03 21:33:08.220996,4011.6,0,0.9999781607126422,SELL,0.10305555555555151,1,9999.9788,1,
2025-11-03 21:33:13.262009,4012.21,0,0.9999781607126422,SELL,0.10779166666667,1,9999.9727,1,
2025-11-03 21:33:18.306199,4012.3,0,0.9999781607126422,SELL,0.08983333333334183,2,9999.9727,2,
2025-11-03 21:33:23.389908,4012.32,0,0.9999781607126422,SELL,0.07552777777778424,3,9999.9727,3,
2025-11-03 21:33:28.437402,4011.77,0,0.9999781607126422,SELL,0.0804523809523917,1,9999.9879,1,
2025-11-03 21:33:33.479999,4012.56,0,0.9999781607126422,SELL,0.08685416666667531,1,9999.98,1,
2025-11-03 21:33:38.523895,4012.6,0,0.9999781607126422,SELL,0.07809259259259946,2,9999.98,2,
2025-11-03 21:33:43.570773,4012.71,0,0.9999781607126422,SELL,0.07692592592593259,3,9999.98,3,
2025-11-03 21:33:48.612963,4012.68,0,0.9999781607126422,HOLD,0.0679629629629744,3,9999.98,,
2025-11-03 21:33:53.667077,4012.64,0,0.9999781607126422,HOLD,0.04824074074076129,3,9999.98,,
2025-11-03 21:33:58.720072,4012.57,0,0.9999781607126422,HOLD,0.03764814814816317,3,9999.98,,
2025-11-03 21:34:03.760985,4012.75,0,0.9999781607126422,HOLD,0.04064814814815539,3,9999.98,,
2025-11-03 21:34:08.802986,4013.21,0,0.9999781607126422,SELL,0.04872222222223054,1,9999.9624,1,
2025-11-03 21:34:13.847024,4013.25,0,0.9999781607126422,SELL,0.03738888888889236,2,9999.9624,2,
2025-11-03 21:34:18.887357,4013.12,0,0.9999781607126422,SELL,0.025648148148154717,3,9999.9624,3,
2025-11-03 21:34:26.498694,4013.25,0,0.9999781607126422,SELL,0.0,1,10000.0,1,
2025-11-03 21:34:31.551927,4013.43,0,0.9999781607126422,SELL,0.04499999999995907,2,10000.0,2,
2025-11-03 21:34:36.601698,4012.75,0,0.9999781607126422,SELL,0.07916666666663255,1,10000.011799999998,1,
2025-11-03 21:34:41.648856,4012.47,0,0.9999781607126422,SELL,0.07144444444443504,2,10000.011799999998,2,
2025-11-03 21:34:46.693301,4012.26,0,0.9999781607126422,SELL,0.06408333333330536,2,10000.016699999998,2,
2025-11-03 21:34:51.742047,4011.62,0,0.9999781607126422,SELL,0.08326666666666066,1,10000.031599999998,1,
2025-11-03 21:34:56.787118,4011.95,0,0.9999781607126422,SELL,0.07855555555554854,1,10000.028299999998,1,
2025-11-03 21:35:01.843970,4012.13,0,0.9999781607126422,SELL,0.07247619047619278,2,10000.028299999998,2,
2025-11-03 21:35:06.885880,4012.09,0,0.9999781607126422,SELL,0.06441666666666776,3,10000.028299999998,3,
2025-11-03 21:35:11.931123,4012.08,0,0.9999781607126422,HOLD,0.057537037037044075,3,10000.028299999998,,
2025-11-03 21:35:16.976952,4012.81,0,0.9999781607126422,SELL,0.06605555555556747,1,10000.0057,1,
2025-11-03 21:35:22.022127,4012.71,0,0.9999781607126422,SELL,0.055685185185198126,2,10000.0057,2,
2025-11-03 21:35:27.070135,4011.84,0,0.9999781607126422,SELL,0.06879629629630236,1,10000.0241,1,
2025-11-03 21:35:32.112955,4012.27,0,0.9999781607126422,SELL,0.0736851851851969,1,10000.0198,1,
2025-11-03 21:35:37.167171,4012.18,0,0.9999781607126422,SELL,0.057907407407413264,2,10000.0198,2,
2025-11-03 21:35:42.211996,4012.08,0,0.9999781607126422,SELL,0.05401851851852371,3,10000.0198,3,
2025-11-03 21:35:47.253266,4011.06,0,0.9999781607126422,SELL,0.07268518518518349,1,10000.053300000001,1,
2025-11-03 21:35:52.297553,4011.83,0,0.9999781607126422,SELL,0.08890740740740613,1,10000.045600000001,1,
2025-11-03 21:35:57.346778,4011.14,0,0.9999781607126422,SELL,0.10396296296295683,1,10000.052500000002,1,
2025-11-03 21:36:02.388768,4011.13,0,0.9999781607126422,SELL,0.09062962962961879,2,10000.052500000002,2,
2025-11-03 21:36:07.445281,4011.37,0,0.9999781607126422,SELL,0.09507407407405918,1,10000.047800000002,1,
2025-11-03 21:36:12.494055,4010.36,0,0.9999781607126422,SELL,0.09818518518516746,1,10000.057900000002,1,
2025-11-03 21:36:17.535311,4010.02,0,0.9999781607126422,SELL,0.09618518518517434,1,10000.061300000001,1,
2025-11-03 21:36:22.581069,4010.28,0,0.9999781607126422,SELL,0.09899999999998997,1,10000.058700000001,1,
2025-11-03 21:36:27.634114,4009.97,0,0.9999781607126422,SELL,0.10149999999999401,2,10000.058700000001,2,
2025-11-03 21:36:32.682436,4008.18,0,0.9999781607126422,SELL,0.11457407407407387,1,10000.097600000003,1,
2025-11-03 21:36:37.724053,4008.69,0,0.9999781607126422,SELL,0.10879629629630135,1,10000.092500000002,1,
2025-11-03 21:36:42.768923,4009.6,0,0.9999781607126422,SELL,0.11368518518518579,1,10000.083400000003,1,
2025-11-03 21:36:47.815746,4009.79,0,0.9999781607126422,SELL,0.1177222222222284,2,10000.083400000003,2,
2025-11-03 21:36:52.855964,4009.04,0,0.9999781607126422,HOLD,0.12772222222223445,0,10000.096500000003,,
2025-11-03 21:36:57.900764,4009.23,0,0.9999781607126422,SELL,0.10950000000001872,1,10000.096500000003,1,
2025-11-03 21:37:02.946928,4009.61,0,0.9999781607126422,SELL,0.11038888888890681,1,10000.092700000003,1,
2025-11-03 21:37:07.993487,4009.63,0,0.9999781607126422,SELL,0.10624074074074896,2,10000.092700000003,2,
2025-11-03 21:37:13.036841,4008.26,0,0.9999781607126422,HOLD,0.1321851851851837,0,10000.119900000002,,
2025-11-03 21:37:18.075837,4007.7,0,0.9999781607126422,SELL,0.10888888888889091,1,10000.119900000002,1,
2025-11-03 21:37:23.123437,4006.54,0,0.9999781607126422,HOLD,0.12333333333332724,0,10000.131500000001,,
2025-11-03 21:37:28.166821,4007.19,0,0.9999781607126422,SELL,0.11755555555555475,1,10000.131500000001,1,
2025-11-03 21:37:33.210042,4006.59,0,0.9999781607126422,HOLD,0.12555555555555756,0,10000.137,,
2025-11-03 21:37:38.261774,4006.65,0,0.9999781607126422,SELL,0.10911111111111799,1,10000.137,1,
2025-11-03 21:37:43.303246,4005.58,0,0.9999781607126422,HOLD,0.12866666666667595,0,10000.147700000001,,
2025-11-03 21:37:48.340973,4006.61,0,0.9999781607126422,HOLD,0.1431111111111224,0,10000.147700000001,,
2025-11-03 21:37:53.386103,4006.19,0,0.9999781607126422,HOLD,0.15177777777779636,0,10000.147700000001,,
2025-11-03 21:37:58.435704,4005.84,0,0.9999781607126422,HOLD,0.12759259259261718,0,10000.147700000001,,
2025-11-03 21:38:03.473747,4005.25,0,0.9999781607126422,HOLD,0.13153703703705677,0,10000.147700000001,,
2025-11-03 21:38:08.518878,4005.93,0,0.9999781607126422,HOLD,0.1208703703703897,0,10000.147700000001,,
2025-11-03 21:38:13.581453,4005.81,0,0.9999781607126422,SELL,0.10864814814816343,1,10000.147700000001,1,
2025-11-03 21:38:18.624203,4005.71,0,0.9999781607126422,SELL,0.09731481481482523,2,10000.147700000001,2,
2025-11-03 21:38:23.667078,4004.41,0,0.9999781607126422,HOLD,0.1273148148148232,0,10000.174700000001,,
2025-11-03 21:38:28.714792,4004.46,0,0.9999781607126422,SELL,0.10375925925926888,1,10000.174700000001,1,
2025-11-03 21:38:33.761098,4004.08,0,0.9999781607126422,SELL,0.08842592592593436,1,10000.178500000002,1,
2025-11-03 21:38:38.855003,4004.65,0,0.9999781607126422,SELL,0.09087037037038162,1,10000.173200000001,1,
2025-11-03 21:38:43.904953,4004.62,0,0.9999781607126422,SELL,0.0846111111111188,2,10000.173200000001,2,
2025-11-03 21:38:55.514894,4004.26,0,0.9999781607126422,SELL,0.0,1,10000.0,1,
2025-11-03 21:39:37.197175,4005.55,0,0.9999781607126422,SELL,0.0,1,10000.0,1,
2025-11-03 21:39:42.248625,4005.99,0,0.9999781607126422,SELL,0.08799999999991996,1,9999.9956,1,
2025-11-03 21:39:47.297455,4006.47,0,0.9999781607126422,SELL,0.09499999999998181,1,9999.9905,1,
2025-11-03 21:39:52.347399,4006.94,0,0.9999781607126422,SELL,0.08777777777776868,1,9999.9858,1,
2025-11-03 21:39:57.396101,4006.82,0,0.9999781607126422,SELL,0.07333333333331969,2,9999.9858,2,
2025-11-03 21:40:02.454107,4007.87,0,0.9999781607126422,SELL,0.09366666666664666,1,9999.966,1,
2025-11-03 21:40:07.496155,4007.55,0,0.9999781607126422,SELL,0.08872222222219585,1,9999.9692,1,
2025-11-03 21:40:12.544892,4008.09,0,0.9999781607126422,SELL,0.09147619047616684,1,9999.9638,1,
2025-11-03 21:40:17.590835,4005.87,0,0.9999781607126422,HOLD,0.13554166666665235,0,9999.985999999999,,
2025-11-03 21:40:22.635786,4006.21,0,0.9999781607126422,HOLD,0.12648148148146834,0,9999.985999999999,,
2025-11-03 21:40:27.672707,4004.89,0,0.9999781607126422,HOLD,0.14448148148147724,0,9999.985999999999,,
2025-11-03 21:40:32.712795,4005.31,0,0.9999781607126422,HOLD,0.142481481481474,0,9999.985999999999,,
2025-11-03 21:40:37.755858,4005.31,0,0.9999781607126422,HOLD,0.13433333333332484,0,9999.985999999999,,
2025-11-03 21:40:42.800944,4005.37,0,0.9999781607126422,HOLD,0.13233333333332664,0,9999.985999999999,,
2025-11-03 21:40:47.847389,4004.98,0,0.9999781607126422,HOLD,0.12155555555555113,0,9999.985999999999,,
2025-11-03 21:40:52.890436,4004.92,0,0.9999781607126422,SELL,0.11577777777777859,1,9999.985999999999,1,
2025-11-03 21:40:57.939998,4005.33,0,0.9999781607126422,SELL,0.11288888888888729,1,9999.981899999999,1,
2025-11-03 21:41:02.993823,4004.37,0,0.9999781607126422,SELL,0.08666666666665859,1,9999.992299999998,1,
2025-11-03 21:41:08.035793,4005.65,0,0.9999781607126422,SELL,0.11088888888888404,1,9999.979499999998,1,
2025-11-03 21:41:13.097338,4005.53,0,0.9999781607126422,SELL,0.0857777777777705,2,9999.979499999998,2,
2025-11-03 21:41:18.135637,4005.47,0,0.9999781607126422,SELL,0.07777777777777778,3,9999.979499999998,3,
2025-11-03 21:41:23.182065,4005.45,0,0.9999781607126422,HOLD,0.0782222222222218,3,9999.979499999998,,
2025-11-03 21:41:28.223928,4004.5,0,0.9999781607126422,SELL,0.10327777777777353,1,10000.010999999999,1,
2025-11-03 21:41:33.269136,4004.73,0,0.9999781607126422,SELL,0.09826190476190362,1,10000.008699999998,1,
2025-11-03 21:41:38.317203,4005.45,0,0.9999781607126422,SELL,0.11292857142856708,1,10000.001499999998,1,
2025-11-03 21:41:43.365909,4005.58,0,0.9999781607126422,SELL,0.10742857142857333,2,10000.001499999998,2,
2025-11-03 21:41:48.419741,4005.91,0,0.9999781607126422,SELL,0.0912063492063507,1,9999.993999999999,1,
2025-11-03 21:41:53.469750,4006.1,0,0.9999781607126422,SELL,0.06609523809523717,1,9999.991899999999,1,
2025-11-03 21:41:58.511955,4006.9,0,0.9999781607126422,SELL,0.07787301587302108,1,9999.9839,1,
2025-11-03 21:42:03.557043,4006.45,0,0.9999781607126422,SELL,0.08653968253968491,1,9999.988399999998,1,
2025-11-03 21:42:08.595868,4006.73,0,0.9999781607126422,SELL,0.09231746031746754,1,9999.985599999998,1,
2025-11-03 21:42:13.638823,4007.28,0,0.9999781607126422,SELL,0.07815079365080997,1,9999.980099999999,1,
2025-11-03 21:42:18.679988,4007.56,0,0.9999781607126422,SELL,0.0807222222222326,1,9999.977299999999,1,
2025-11-03 21:42:23.731651,4006.54,0,0.9999781607126422,SELL,0.07938888888890049,1,9999.9839,1,
2025-11-03 21:42:28.773105,4005.48,0,0.9999781607126422,SELL,0.10911111111111967,1,9999.995299999999,1,
2025-11-03 21:42:33.813012,4005.02,0,0.9999781607126422,SELL,0.11066666666667885,1,9999.999899999999,1,
2025-11-03 21:42:38.861820,4005.29,0,0.9999781607126422,SELL,0.11155555555556693,1,9999.9972,1,
2025-11-03 21:42:44.023753,4004.62,0,0.9999781607126422,SELL,0.11516666666667685,1,10000.0037,1,
2025-11-03 21:42:49.101007,4004.19,0,0.9999781607126422,SELL,0.11294444444444994,1,10000.0077,1,
2025-11-03 21:42:54.168342,4004.53,0,0.9999781607126422,SELL,0.11361111111112104,1,10000.0043,1,
2025-11-03 21:42:59.243837,4004.58,0,0.9999781607126422,SELL,0.10249999999999983,2,10000.0043,2,
2025-11-03 21:43:04.362559,4002.85,0,0.9999781607126422,HOLD,0.1347222222222281,0,10000.0384,,
2025-11-03 21:43:09.648522,4002.62,0,0.9999781607126422,HOLD,0.1246851851851943,0,10000.0384,,
2025-11-03 21:43:14.753788,4002.1,0,0.9999781607126422,SELL,0.10246296296297208,1,10000.0384,1,
2025-11-03 21:43:19.794296,4002.59,0,0.9999781607126422,SELL,0.10490740740741936,1,10000.0335,1,
2025-11-03 21:43:24.892657,4003.31,0,0.9999781607126422,SELL,0.11490740740741533,1,10000.0263,1,
2025-11-03 21:43:29.937348,4003.87,0,0.9999781607126422,SELL,0.10929629629630049,1,10000.0207,1,
2025-11-03 21:43:34.977178,4004.5,0,0.9999781607126422,SELL,0.11551851851852378,1,10000.0144,1,
2025-11-03 21:43:40.020898,4005.06,0,0.9999781607126422,HOLD,0.1219629629629573,0,10000.0084,,
2025-11-03 21:43:45.061126,4004.83,0,0.9999781607126422,HOLD,0.12685185185185185,0,10000.0084,,
2025-11-03 21:43:50.163771,4005.5,0,0.9999781607126422,SELL,0.10618518518518881,1,10000.0084,1,
2025-11-03 21:43:55.202924,4005.02,0,0.9999781607126422,SELL,0.11511111111111758,1,10000.013200000001,1,
2025-11-03 21:44:00.241625,4005.53,0,0.9999781607126422,SELL,0.11244444444445333,1,10000.0094,1,
2025-11-03 21:44:05.285910,4005.21,0,0.9999781607126422,SELL,0.10577777777778263,1,10000.0126,1,
2025-11-03 21:44:10.325167,4004.21,0,0.9999781607126422,SELL,0.10829629629630559,1,10000.0226,1,
2025-11-03 21:44:15.373824,4005.03,0,0.9999781607126422,SELL,0.11862962962964468,1,10000.0144,1,
2025-11-03 21:44:20.434881,4004.83,0,0.9999781607126422,SELL,0.10833333333335102,2,10000.0144,2,
2025-11-03 21:44:25.482149,4004.75,0,0.9999781607126422,SELL,0.09677777777779588,3,10000.0144,3,
2025-11-03 21:44:30.526731,4005.18,0,0.9999781607126422,SELL,0.10033333333334819,2,10000.006599999999,2,
2025-11-03 21:44:35.571104,4005.64,0,0.9999781607126422,SELL,0.09277777777778941,1,9999.995899999998,1,
2025-11-03 21:44:40.619875,4004.83,0,0.9999781607126422,SELL,0.1017222222222295,1,10000.003999999997,1,
2025-11-03 21:44:45.666573,4004.27,0,0.9999781607126422,SELL,0.10624074074074223,1,10000.010999999997,1,
2025-11-03 21:44:50.707906,4004.31,0,0.9999781607126422,SELL,0.10701851851851424,2,10000.010999999997,2,
2025-11-03 21:44:55.748202,4004.25,0,0.9999781607126422,SELL,0.08961111111110583,3,10000.010999999997,3,
2025-11-03 21:45:00.794072,4004.37,0,0.9999781607126422,HOLD,0.06949999999998774,3,10000.010999999997,,
2025-11-03 21:45:05.830707,4004.31,0,0.9999781607126422,HOLD,0.06746296296294413,3,10000.010999999997,,
2025-11-03 21:45:10.875215,4004.97,0,0.9999781607126422,SELL,0.0779074074073875,1,9999.990199999997,1,
2025-11-03 21:45:15.920076,4004.77,0,0.9999781607126422,SELL,0.07279629629627599,2,9999.990199999997,2,
2025-11-03 21:45:20.960703,4004.36,0,0.9999781607126422,SELL,0.07168518518516082,1,10000.000399999997,1,
2025-11-03 21:45:26.005622,4005.17,0,0.9999781607126422,SELL,0.06718518518516113,1,9999.992299999998,1,
2025-11-03 21:45:31.046107,4004.97,0,0.9999781607126422,SELL,0.05488888888887265,2,9999.992299999998,2,
2025-11-03 21:45:36.086956,4004.72,0,0.9999781607126422,SELL,0.05922222222221215,2,9999.996799999997,2,
2025-11-03 21:45:41.136803,4003.42,0,0.9999781607126422,SELL,0.08699999999998487,1,10000.025299999998,1,
2025-11-03 21:45:46.179647,4002.9,0,0.9999781607126422,SELL,0.09588888888887578,1,10000.030499999997,1,
2025-11-03 21:45:51.221994,4002.57,0,0.9999781607126422,SELL,0.10155555555554235,1,10000.033799999997,1,
2025-11-03 21:45:56.259774,4003.67,0,0.9999781607126422,SELL,0.10970370370369151,1,10000.022799999997,1,
2025-11-03 21:46:01.310765,4003.28,0,0.9999781607126422,SELL,0.10803703703702634,1,10000.026699999997,1,
2025-11-03 21:46:06.359867,4002.47,0,0.9999781607126422,HOLD,0.12337037037037099,0,10000.034799999996,,
2025-11-03 21:46:11.405194,4001.79,0,0.9999781607126422,HOLD,0.12048148148147969,0,10000.034799999996,,
2025-11-03 21:46:16.446871,4000.22,0,0.9999781607126422,HOLD,0.14888888888888568,0,10000.034799999996,,
2025-11-03 21:46:21.487970,4000.8,0,0.9999781607126422,HOLD,0.15244444444444813,0,10000.034799999996,,
2025-11-03 21:46:26.528713,4001.13,0,0.9999781607126422,HOLD,0.13088888888889702,0,10000.034799999996,,
2025-11-03 21:46:31.567666,4000.69,0,0.9999781607126422,HOLD,0.12911111111112084,0,10000.034799999996,,
2025-11-03 21:46:36.614159,4000.79,0,0.9999781607126422,HOLD,0.12455555555556438,0,10000.034799999996,,
2025-11-03 21:46:41.659050,4000.7,0,0.9999781607126422,SELL,0.10585185185186505,1,10000.034799999996,1,
2025-11-03 21:46:46.697982,4000.46,0,0.9999781607126422,SELL,0.10840740740741828,2,10000.034799999996,2,
2025-11-03 21:46:51.742234,4000.31,0,0.9999781607126422,SELL,0.0888518518518603,2,10000.039399999996,2,
2025-11-03 21:46:56.793339,4000.59,0,0.9999781607126422,SELL,0.08346296296298515,2,10000.036599999996,2,
2025-11-03 21:47:01.836730,4000.59,0,0.9999781607126422,SELL,0.054388888888908055,3,10000.036599999996,3,
2025-11-03 21:47:06.883059,3999.58,0,0.9999781607126422,SELL,0.0784444444444531,1,10000.075199999997,1,
2025-11-03 21:47:11.924827,3998.8,0,0.9999781607126422,SELL,0.07962962962964058,1,10000.082999999997,1,
2025-11-03 21:47:16.972848,3998.62,0,0.9999781607126422,SELL,0.07385185185186806,2,10000.082999999997,2,
2025-11-03 21:47:22.023822,3998.9,0,0.9999781607126422,SELL,0.07729629629631947,2,10000.080199999997,2,
2025-11-03 21:47:27.066783,4000.31,0,0.9999781607126422,SELL,0.10696296296298022,1,10000.050999999996,1,
2025-11-03 21:47:32.107452,4000.53,0,0.9999781607126422,SELL,0.1077407407407699,1,10000.048799999995,1,
2025-11-03 21:47:37.147206,4000.77,0,0.9999781607126422,SELL,0.10729629629631576,1,10000.046399999996,1,
2025-11-03 21:47:42.189814,4000.51,0,0.9999781607126422,SELL,0.10335185185185597,2,10000.046399999996,2,
2025-11-03 21:47:47.231015,4000.03,0,0.9999781607126422,SELL,0.11401851851852303,1,10000.058599999997,1,
2025-11-03 21:47:52.288873,3999.68,0,0.9999781607126422,SELL,0.08485185185186647,1,10000.062099999997,1,
2025-11-03 21:47:57.338926,4000.06,0,0.9999781607126422,SELL,0.08477777777779415,1,10000.058299999997,1,
2025-11-03 21:48:02.378780,3998.89,0,0.9999781607126422,SELL,0.1024444444444557,1,10000.069999999996,1,
2025-11-03 21:48:07.426653,3999.81,0,0.9999781607126422,SELL,0.11666666666667508,1,10000.060799999996,1,
2025-11-03 21:48:12.470648,3999.7,0,0.9999781607126422,SELL,0.08777777777779225,2,10000.060799999996,2,
2025-11-03 21:48:17.514858,3999.51,0,0.9999781607126422,SELL,0.0858888888888874,3,10000.060799999996,3,
2025-11-03 21:48:22.559155,3998.48,0,0.9999781607126422,SELL,0.11005555555556366,1,10000.096599999995,1,
2025-11-03 21:48:27.595843,3998.04,0,0.9999781607126422,SELL,0.1124259259259403,1,10000.100999999995,1,
2025-11-03 21:48:32.643437,3998.32,0,0.9999781607126422,SELL,0.10398148148149344,2,10000.100999999995,2,
2025-11-03 21:48:37.693632,3998.71,0,0.9999781607126422,SELL,0.10887037037037789,1,10000.090399999995,1,
2025-11-03 21:48:42.740585,3998.64,0,0.9999781607126422,SELL,0.10198148148149021,2,10000.090399999995,2,
2025-11-03 21:48:47.792193,3998.39,0,0.9999781607126422,SELL,0.08587037037037776,2,10000.093599999995,2,
2025-11-03 21:48:52.838752,3997.44,0,0.9999781607126422,SELL,0.08653703703703876,1,10000.115099999995,1,
2025-11-03 21:48:57.879719,3996.37,0,0.9999781607126422,SELL,0.1078703703703729,1,10000.125799999996,1,
2025-11-03 21:49:02.920925,3995.48,0,0.9999781607126422,HOLD,0.12342592592593452,0,10000.134699999997,,
2025-11-03 21:49:07.967833,3997.75,0,0.9999781607126422,HOLD,0.1452592592592619,0,10000.134699999997,,
2025-11-03 21:49:13.014840,3998.04,0,0.9999781607126422,HOLD,0.14355555555555635,0,10000.134699999997,,
2025-11-03 21:49:18.079934,3998.16,0,0.9999781607126422,HOLD,0.1440000000000004,0,10000.134699999997,,
2025-11-03 21:49:23.127908,3998.28,0,0.9999781607126422,HOLD,0.13400000000000445,0,10000.134699999997,,
2025-11-03 21:49:28.171011,3999.4,0,0.9999781607126422,HOLD,0.15733333333333172,0,10000.134699999997,,
2025-11-03 21:49:33.217350,3999.13,0,0.9999781607126422,HOLD,0.16044444444444,0,10000.134699999997,,
2025-11-03 21:49:38.264297,3999.3,0,0.9999781607126422,HOLD,0.14577777777777656,0,10000.134699999997,,
2025-11-03 21:49:43.310740,3999.26,0,0.9999781607126422,HOLD,0.12288888888888322,0,10000.134699999997,,
2025-11-03 21:49:48.351793,3999.89,0,0.9999781607126422,SELL,0.11477777777776854,1,10000.134699999997,1,
2025-11-03 21:49:53.413320,3999.97,0,0.9999781607126422,SELL,0.06611111111110067,2,10000.134699999997,2,
2025-11-03 21:49:58.468150,3999.71,0,0.9999781607126422,SELL,0.06688888888887269,3,10000.134699999997,3,
2025-11-03 21:50:03.512921,3999.83,0,0.9999781607126422,HOLD,0.06688888888887269,3,10000.134699999997,,
2025-11-03 21:50:08.555984,4000.06,0,0.9999781607126422,SELL,0.06848148148145793,3,10000.131199999996,3,
2025-11-03 21:50:13.620789,4000.44,0,0.9999781607126422,SELL,0.05203703703701835,1,10000.117199999997,1,
2025-11-03 21:50:18.661815,4000.27,0,0.9999781607126422,SELL,0.0471481481481339,2,10000.117199999997,2,
2025-11-03 21:50:23.739158,4000.34,0,0.9999781607126422,SELL,0.04225925925924946,3,10000.117199999997,3,
2025-11-03 21:50:28.784799,4000.18,0,0.9999781607126422,HOLD,0.044925925925923815,3,10000.117199999997,,
2025-11-03 21:50:33.823935,4000.93,0,0.9999781607126422,SELL,0.054092592592596876,1,10000.099799999996,1,
2025-11-03 21:50:38.865946,4001.99,0,0.9999781607126422,SELL,0.07194444444444932,1,10000.089199999997,1,
2025-11-03 21:50:43.904377,4001.43,0,0.9999781607126422,SELL,0.0771666666666769,1,10000.094799999997,1,
2025-11-03 21:50:48.945821,4001.75,0,0.9999781607126422,SELL,0.08161111111112741,1,10000.091599999998,1,
2025-11-03 21:50:53.988613,4002.05,0,0.9999781607126422,SELL,0.08401851851853852,1,10000.088599999997,1,
2025-11-03 21:50:59.034545,4002.16,0,0.9999781607126422,SELL,0.07801851851852883,2,10000.088599999997,2,
2025-11-03 21:51:04.080950,4002.5,0,0.9999781607126422,SELL,0.08179629629630822,1,10000.080699999999,1,
2025-11-03 21:51:09.125771,4003.18,0,0.9999781607126422,SELL,0.09490740740741246,1,10000.074099999998,1,
2025-11-03 21:51:14.164507,4003.68,0,0.9999781607126422,SELL,0.10290740740740517,1,10000.069099999999,1,
2025-11-03 21:51:19.203842,4004.28,0,0.9999781607126422,SELL,0.09540740740741326,1,10000.0631,1,
2025-11-03 21:51:24.241905,4004.02,0,0.9999781607126422,SELL,0.08155555555556726,2,10000.0631,2,
2025-11-03 21:51:29.281039,4004.24,0,0.9999781607126422,SELL,0.07400000000000849,2,10000.060899999999,2,
2025-11-03 21:51:34.327374,4004.97,0,0.9999781607126422,SELL,0.0804074074074126,1,10000.046699999999,1,
2025-11-03 21:51:39.377150,4004.74,0,0.9999781607126422,SELL,0.08012962962963129,2,10000.046699999999,2,
2025-11-03 21:51:44.422584,4004.16,0,0.9999781607126422,SELL,0.0905740740740814,1,10000.060599999999,1,
2025-11-03 21:51:49.463326,4003.22,0,0.9999781607126422,SELL,0.09635185185185223,1,10000.067799999999,1,
2025-11-03 21:51:54.505633,4002.45,0,0.9999781607126422,SELL,0.10368518518519404,1,10000.075499999999,1,
2025-11-03 21:51:59.549764,4003.11,0,0.9999781607126422,SELL,0.10679629629631243,1,10000.068899999998,1,
2025-11-03 21:52:04.591008,4002.53,0,0.9999781607126422,SELL,0.1063518518518583,1,10000.0747,1,
2025-11-03 21:52:09.630780,4003.68,0,0.9999781607126422,HOLD,0.12612962962962312,0,10000.063199999999,,
2025-11-03 21:52:14.675580,4003.43,0,0.9999781607126422,HOLD,0.12679629629629424,0,10000.063199999999,,
2025-11-03 21:52:19.723570,4003.32,0,0.9999781607126422,SELL,0.11661111111110063,1,10000.063199999999,1,
2025-11-03 21:52:24.761874,4003.69,0,0.9999781607126422,SELL,0.11933333333331914,1,10000.0595,1,
2025-11-03 21:52:29.802018,4002.73,0,0.9999781607126422,HOLD,0.12777777777776597,0,10000.069099999999,,
2025-11-03 21:52:34.841659,4002.01,0,0.9999781607126422,HOLD,0.1304444444444319,0,10000.069099999999,,
2025-11-03 21:52:39.885803,4002.12,0,0.9999781607126422,SELL,0.11088888888886382,1,10000.069099999999,1,
2025-11-03 21:52:44.928841,4002.66,0,0.9999781607126422,SELL,0.10822222222218948,1,10000.063699999999,1,
2025-11-03 21:52:49.973932,4003.05,0,0.9999781607126422,SELL,0.10377777777774908,1,10000.059899999998,1,
2025-11-03 21:52:55.019907,4003.14,0,0.9999781607126422,SELL,0.07977777777776081,2,10000.059899999998,2,
2025-11-03 21:53:00.064640,4002.63,0,0.9999781607126422,SELL,0.08488888888887232,1,10000.069199999998,1,
2025-11-03 21:53:05.110599,4003.51,0,0.9999781607126422,SELL,0.10111111111110505,1,10000.060399999998,1,
2025-11-03 21:53:10.150726,4003.34,0,0.9999781607126422,SELL,0.09577777777777657,2,10000.060399999998,2,
2025-11-03 21:53:15.191518,4003.83,0,0.9999781607126422,SELL,0.08533333333332646,1,10000.0523,1,
2025-11-03 21:53:20.237045,4002.73,0,0.9999781607126422,SELL,0.09377777777777332,1,10000.0633,1,
2025-11-03 21:53:25.278660,4002.24,0,0.9999781607126422,SELL,0.10222222222223029,1,10000.0682,1,
2025-11-03 21:53:30.321936,4002.34,0,0.9999781607126422,SELL,0.09244444444446143,2,10000.0682,2,
2025-11-03 21:53:35.362728,4001.71,0,0.9999781607126422,SELL,0.09566666666668325,1,10000.0798,1,
2025-11-03 21:53:40.408848,4001.36,0,0.9999781607126422,SELL,0.10383333333334373,1,10000.0833,1,
2025-11-03 21:53:45.447780,4000.8,0,0.9999781607126422,SELL,0.1056111111111199,1,10000.0889,1,
2025-11-03 21:53:50.505915,4000.92,0,0.9999781607126422,SELL,0.08827777777778212,2,10000.0889,2,
2025-11-03 21:53:55.549694,4000.93,0,0.9999781607126422,SELL,0.0847222222222197,3,10000.0889,3,
2025-11-03 21:54:00.588720,4000.14,0,0.9999781607126422,SELL,0.09138888888889041,1,10000.111200000001,1,
2025-11-03 21:54:05.630640,3999.12,0,0.9999781607126422,SELL,0.08961111111111425,1,10000.121400000002,1,
2025-11-03 21:54:10.676744,3999.61,0,0.9999781607126422,SELL,0.08961111111111424,1,10000.116500000002,1,
2025-11-03 21:54:15.721087,3999.3,0,0.9999781607126422,SELL,0.09599999999999353,1,10000.119600000002,1,
2025-11-03 21:54:20.760967,3998.45,0,0.9999781607126422,SELL,0.10007407407407233,1,10000.128100000002,1,
2025-11-03 21:54:25.801881,3998.89,0,0.9999781607126422,SELL,0.10257407407407637,1,10000.123700000002,1,
2025-11-03 21:54:30.843907,3998.72,0,0.9999781607126422,SELL,0.09327777777778262,2,10000.123700000002,2,
2025-11-03 21:54:35.887361,3998.6,0,0.9999781607126422,SELL,0.09238888888889456,3,10000.123700000002,3,
2025-11-03 21:54:40.928819,3998.65,0,0.9999781607126422,HOLD,0.09238888888889456,3,10000.123700000002,,
2025-11-03 21:54:45.977415,3998.72,0,0.9999781607126422,HOLD,0.0763888888888889,3,10000.123700000002,,
2025-11-03 21:54:51.028654,3998.08,0,0.9999781607126422,SELL,0.06794444444444202,1,10000.1434,1,
2025-11-03 21:54:56.083555,3997.82,0,0.9999781607126422,SELL,0.0628333333333204,2,10000.1434,2,
2025-11-03 21:55:01.121987,3997.83,0,0.9999781607126422,SELL,0.054444444444427774,3,10000.1434,3,
2025-11-03 21:55:06.165819,3997.59,0,0.9999781607126422,SELL,0.04403703703700877,3,10000.1483,3,
2025-11-03 21:55:11.208715,3997.79,0,0.9999781607126422,SELL,0.036259259259225435,3,10000.1463,3,
2025-11-03 21:55:16.256546,3997.44,0,0.9999781607126422,SELL,0.0408888888888517,1,10000.157500000001,1,
2025-11-03 21:55:21.302747,3997.41,0,0.9999781607126422,SELL,0.040666666666638096,2,10000.157500000001,2,
2025-11-03 21:55:26.353583,3997.65,0,0.9999781607126422,SELL,0.04409523809521507,1,10000.1532,1,
2025-11-03 21:55:31.397261,3997.36,0,0.9999781607126422,SELL,0.04772486772484645,2,10000.1532,2,
2025-11-03 21:55:36.438292,3997.48,0,0.9999781607126422,SELL,0.036835978835957364,3,10000.1532,3,
2025-11-03 21:55:41.481705,3998.88,0,0.9999781607126422,SELL,0.056984126984112454,1,10000.111700000001,1,
2025-11-03 21:55:46.519614,3998.8,0,0.9999781607126422,SELL,0.05853968253967165,2,10000.111700000001,2,
2025-11-03 21:55:51.560721,3999.26,0,0.9999781607126422,SELL,0.0634285714285662,1,10000.1033,1,
2025-11-03 21:55:56.603737,3999.8,0,0.9999781607126422,SELL,0.0723174603174571,1,10000.097300000001,1,
2025-11-03 21:56:01.648564,3999.82,0,0.9999781607126422,SELL,0.07037301587301568,2,10000.097300000001,2,
2025-11-03 21:56:06.691617,3999.84,0,0.9999781607126422,SELL,0.0727804232804167,3,10000.097300000001,3,
2025-11-03 21:56:11.737403,3999.81,0,0.9999781607126422,HOLD,0.06996296296296164,3,10000.097300000001,,
2025-11-03 21:56:16.781374,4000.05,0,0.9999781607126422,SELL,0.06922222222223001,1,10000.090400000001,1,
2025-11-03 21:56:21.831994,4000.43,0,0.9999781607126422,SELL,0.07433333333333647,1,10000.0866,1,
2025-11-03 21:56:26.877580,4000.57,0,0.9999781607126422,SELL,0.05151851851852725,2,10000.0866,2,
2025-11-03 21:56:31.928794,4001.05,0,0.9999781607126422,SELL,0.06040740740741815,1,10000.0756,1,
2025-11-03 21:56:36.968740,4001.15,0,0.9999781607126422,SELL,0.05240740740741532,2,10000.0756,2,
2025-11-03 21:56:42.008735,4000.96,0,0.9999781607126422,SELL,0.04485185185186664,3,10000.0756,3,
2025-11-03 21:56:47.050050,4000.26,0,0.9999781607126422,SELL,0.05301851851852461,1,10000.099400000001,1,
2025-11-03 21:56:52.093882,4001.0,0,0.9999781607126422,SELL,0.06594444444444468,1,10000.092,1,
2025-11-03 21:56:57.140107,4000.52,0,0.9999781607126422,SELL,0.07577777777777286,1,10000.096800000001,1,
2025-11-03 21:57:02.192162,3999.9,0,0.9999781607126422,SELL,0.0851111111110994,1,10000.103000000001,1,
2025-11-03 21:57:07.238839,4000.01,0,0.9999781607126422,SELL,0.07911111111110988,2,10000.103000000001,2,
2025-11-03 21:57:12.288622,4000.0,0,0.9999781607126422,SELL,0.07622222222221857,3,10000.103000000001,3,
2025-11-03 21:57:17.337731,3999.73,0,0.9999781607126422,HOLD,0.0715555555555511,3,10000.103000000001,,
2025-11-03 21:57:22.382,3999.78,0,0.9999781607126422,HOLD,0.07044444444444606,3,10000.103000000001,,
2025-11-03 21:57:27.422824,4000.1,0,0.9999781607126422,SELL,0.07059259259258398,3,10000.101,3,
2025-11-03 21:57:32.462639,3999.72,0,0.9999781607126422,SELL,0.0650370370370385,3,10000.104800000001,3,
2025-11-03 21:57:37.501434,3999.84,0,0.9999781607126422,HOLD,0.05125925925927328,3,10000.104800000001,,
2025-11-03 21:57:42.545099,3999.53,0,0.9999781607126422,SELL,0.049203703703715795,2,10000.114300000001,2,
2025-11-03 21:57:47.595002,3999.03,0,0.9999781607126422,SELL,0.044685185185199705,1,10000.1262,1,
2025-11-03 21:57:52.645899,3998.8,0,0.9999781607126422,SELL,0.04735185185186394,2,10000.1262,2,
2025-11-03 21:57:57.689852,3998.17,0,0.9999781607126422,SELL,0.061129629629639304,1,10000.141099999999,1,
2025-11-03 21:58:02.738897,3998.57,0,0.9999781607126422,SELL,0.06624074074075333,1,10000.137099999998,1,
2025-11-03 21:58:07.790964,3999.22,0,0.9999781607126422,SELL,0.07716666666666848,1,10000.130599999999,1,
2025-11-03 21:58:12.830883,3999.11,0,0.9999781607126422,SELL,0.07368518518518512,2,10000.130599999999,2,
2025-11-03 21:58:17.876642,3999.32,0,0.9999781607126422,SELL,0.07107407407407258,2,10000.128499999999,2,
2025-11-03 21:58:22.928725,4000.2,0,0.9999781607126422,SELL,0.08470370370368814,1,10000.1099,1,
2025-11-03 21:58:27.971860,3999.97,0,0.9999781607126422,SELL,0.08120370370369007,2,10000.1099,2,
2025-11-03 21:58:33.024900,3999.87,0,0.9999781607126422,SELL,0.074166666666651,2,10000.1132,2,
2025-11-03 21:58:38.078841,3999.88,0,0.9999781607126422,SELL,0.06927777777776656,3,10000.1132,3,
2025-11-03 21:58:43.124574,3999.01,0,0.9999781607126422,SELL,0.07461111111109504,1,10000.140099999999,1,
2025-11-03 21:58:48.177448,3998.61,0,0.9999781607126422,SELL,0.07216666666665535,1,10000.143999999998,1,
2025-11-03 21:58:53.222887,3998.28,0,0.9999781607126422,SELL,0.07035185185184807,1,10000.148499999998,1,
2025-11-03 21:58:58.262977,3998.57,0,0.9999781607126422,SELL,0.07701851851852888,1,10000.145599999998,1,
2025-11-03 21:59:03.305977,3997.87,0,0.9999781607126422,SELL,0.08414814814816256,1,10000.152599999998,1,
2025-11-03 21:59:08.344862,3998.55,0,0.9999781607126422,SELL,0.08674074074076965,1,10000.145799999998,1,
2025-11-03 21:59:13.400966,3998.86,0,0.9999781607126422,SELL,0.08737037037039785,1,10000.142699999999,1,
2025-11-03 21:59:18.443859,3998.92,0,0.9999781607126422,SELL,0.08681481481484281,2,10000.142699999999,2,
2025-11-03 21:59:23.495431,3998.73,0,0.9999781607126422,SELL,0.09081481481483916,3,10000.142699999999,3,
2025-11-03 21:59:28.561156,3998.76,0,0.9999781607126422,HOLD,0.07203703703706751,3,10000.142699999999,,
2025-11-03 21:59:33.607625,3998.48,0,0.9999781607126422,SELL,0.07159259259262347,1,10000.156099999998,1,
2025-11-03 21:59:38.654815,3998.48,0,0.9999781607126422,SELL,0.0647037037037434,2,10000.156099999998,2,
2025-11-03 21:59:43.701669,3998.2,0,0.9999781607126422,SELL,0.061333333333373555,3,10000.156099999998,3,
2025-11-03 21:59:48.748101,3998.18,0,0.9999781607126422,SELL,0.049111111111145606,2,10000.1621,2,
2025-11-03 21:59:53.793832,3998.37,0,0.9999781607126422,SELL,0.03374074074076816,3,10000.1621,3,
2025-11-03 21:59:58.834304,3998.27,0,0.9999781607126422,HOLD,0.029851851851878594,3,10000.1621,,
2025-11-03 22:00:03.874282,3997.57,0,0.9999781607126422,SELL,0.04374074074076496,1,10000.182499999999,1,
2025-11-03 22:00:08.925606,3997.74,0,0.9999781607126422,SELL,0.043296296296310814,2,10000.182499999999,2,
2025-11-03 22:00:13.967601,3997.42,0,0.9999781607126422,SELL,0.04985185185185619,2,10000.185699999998,2,
2025-11-03 22:00:19.019629,3997.32,0,0.9999781607126422,SELL,0.04385185185184649,3,10000.185699999998,3,
2025-11-03 22:00:24.062569,3996.89,0,0.9999781607126422,SELL,0.05007407407406558,1,10000.202099999999,1,
2025-11-03 22:00:29.102094,3996.11,0,0.9999781607126422,SELL,0.061666666666645095,1,10000.209899999998,1,
2025-11-03 22:00:34.149944,3996.45,0,0.9999781607126422,SELL,0.06848148148145371,1,10000.206499999998,1,
2025-11-03 22:00:39.191400,3996.96,0,0.9999781607126422,SELL,0.07629629629627238,1,10000.201399999998,1,
2025-11-03 22:00:44.240279,3997.18,0,0.9999781607126422,SELL,0.07933333333330665,1,10000.199199999997,1,
2025-11-03 22:00:49.281671,3998.04,0,0.9999781607126422,SELL,0.08288888888886908,1,10000.190599999998,1,
2025-11-03 22:00:54.323664,3997.76,0,0.9999781607126422,SELL,0.08429629629628027,2,10000.190599999998,2,
2025-11-03 22:00:59.363839,3998.48,0,0.9999781607126422,SELL,0.09318518518517117,1,10000.178999999998,1,
2025-11-03 22:01:04.400778,3998.65,0,0.9999781607126422,SELL,0.09474074074073037,2,10000.178999999998,2,
2025-11-03 22:01:09.447394,3998.79,0,0.9999781607126422,SELL,0.0890740740740537,2,10000.175899999998,2,
2025-11-03 22:01:14.496690,3998.56,0,0.9999781607126422,SELL,0.0759999999999856,3,10000.175899999998,3,
2025-11-03 22:01:19.540946,3998.39,0,0.9999781607126422,SELL,0.07222222222221633,3,10000.1799,3,
2025-11-03 22:01:24.585673,3999.34,0,0.9999781607126422,SELL,0.08022222222221916,1,10000.158099999999,1,
2025-11-03 22:01:29.641075,3999.68,0,0.9999781607126422,SELL,0.08783333333332967,1,10000.1544,1,
2025-11-03 22:01:34.690929,3999.16,0,0.9999781607126422,SELL,0.07890740740740428,1,10000.159599999999,1,
2025-11-03 22:01:39.731865,3998.73,0,0.9999781607126422,SELL,0.08327777777777573,1,10000.1639,1,
2025-11-03 22:01:44.779659,3998.44,0,0.9999781607126422,SELL,0.0737222222222238,2,10000.1639,2,
2025-11-03 22:01:49.831788,3997.91,0,0.9999781607126422,SELL,0.08172222222222664,1,10000.1774,1,
2025-11-03 22:01:54.874827,3998.1,0,0.9999781607126422,SELL,0.08205555555556472,2,10000.1774,2,
2025-11-03 22:01:59.923730,3997.18,0,0.9999781607126422,SELL,0.09824074074075119,1,10000.1939,1,
2025-11-03 22:02:04.971291,3997.25,0,0.9999781607126422,SELL,0.096018518518531,2,10000.1939,2,
2025-11-03 22:02:10.017352,3998.12,0,0.9999781607126422,SELL,0.09601851851852089,1,10000.175799999999,1,
2025-11-03 22:02:15.060701,3998.44,0,0.9999781607126422,SELL,0.0912962962963017,1,10000.172299999998,1,
2025-11-03 22:02:20.099907,3999.17,0,0.9999781607126422,SELL,0.09666666666667474,1,10000.164999999999,1,
2025-11-03 22:02:25.143868,3999.22,0,0.9999781607126422,SELL,0.08822222222222788,2,10000.164999999999,2,
2025-11-03 22:02:30.190473,3998.08,0,0.9999781607126422,SELL,0.10711111111111475,1,10000.187299999998,1,
2025-11-03 22:02:35.236573,3998.4,0,0.9999781607126422,SELL,0.10244444444444727,1,10000.184099999999,1,
2025-11-03 22:02:40.284527,3998.81,0,0.9999781607126422,SELL,0.10581481481481372,1,10000.179999999998,1,
2025-11-03 22:02:45.329841,3998.89,0,0.9999781607126422,SELL,0.08759259259258786,2,10000.179999999998,2,
2025-11-03 22:02:50.377320,3999.18,0,0.9999781607126422,SELL,0.09137037037036727,1,10000.1744,1,
2025-11-03 22:02:55.418867,3998.88,0,0.9999781607126422,SELL,0.07759259259259192,2,10000.1744,2,
2025-11-03 22:03:00.476982,3998.68,0,0.9999781607126422,SELL,0.0733333333333357,2,10000.1793,2,
2025-11-03 22:03:05.520685,3999.02,0,0.9999781607126422,SELL,0.06622222222222093,2,10000.1754,2,
2025-11-03 22:03:10.563024,3999.18,0,0.9999781607126422,SELL,0.06816666666666235,2,10000.1724,2,
2025-11-03 22:03:15.606018,3998.56,0,0.9999781607126422,SELL,0.05431481481481131,1,10000.1832,1,
2025-11-03 22:03:20.654762,3998.86,0,0.9999781607126422,SELL,0.05553703703703495,1,10000.180199999999,1,
2025-11-03 22:03:25.702441,3998.4,0,0.9999781607126422,SELL,0.05646296296296424,1,10000.184799999999,1,
2025-11-03 22:03:30.747305,3998.35,0,0.9999781607126422,SELL,0.05535185185185919,2,10000.184799999999,2,
2025-11-03 22:03:35.788307,3998.34,0,0.9999781607126422,SELL,0.05024074074073757,3,10000.184799999999,3,
2025-11-03 22:03:40.834125,3997.96,0,0.9999781607126422,SELL,0.051351851851852724,1,10000.1945,1,
2025-11-03 22:03:45.876566,3998.68,0,0.9999781607126422,SELL,0.06205555555555258,1,10000.1873,1,
2025-11-03 22:03:50.918802,3997.86,0,0.9999781607126422,SELL,0.07183333333332148,1,10000.1955,1,
2025-11-03 22:03:55.964868,3998.09,0,0.9999781607126422,SELL,0.07516666666666441,1,10000.1932,1,
2025-11-03 22:04:01.004900,3997.81,0,0.9999781607126422,SELL,0.06887037037037386,2,10000.1932,2,
2025-11-03 22:04:06.054754,3997.38,0,0.9999781607126422,SELL,0.07075925925925848,1,10000.2052,1,
2025-11-03 22:04:11.098052,3997.55,0,0.9999781607126422,SELL,0.06668518518518979,2,10000.2052,2,
2025-11-03 22:04:16.147382,3997.95,0,0.9999781607126422,SELL,0.07446296296295545,1,10000.1955,1,
2025-11-03 22:04:21.192896,3997.85,0,0.9999781607126422,SELL,0.07646296296295868,2,10000.1955,2,
2025-11-03 22:04:26.232933,3998.0,0,0.9999781607126422,SELL,0.07312962962962333,3,10000.1955,3,
2025-11-03 22:04:31.269675,3997.73,0,0.9999781607126422,HOLD,0.06490740740740354,3,10000.1955,,
2025-11-03 22:04:36.314573,3997.58,0,0.9999781607126422,SELL,0.04946296296296725,2,10000.203399999999,2,
2025-11-03 22:04:41.357425,3997.39,0,0.9999781607126422,SELL,0.04729629629630129,2,10000.207999999999,2,
2025-11-03 22:04:46.415020,3997.73,0,0.9999781607126422,SELL,0.05350000000000987,1,10000.201699999998,1,
2025-11-03 22:04:51.458950,3997.93,0,0.9999781607126422,SELL,0.04616666666666805,1,10000.199699999997,1,
2025-11-03 22:04:56.501877,3996.44,0,0.9999781607126422,SELL,0.06912962962962527,1,10000.214499999998,1,
2025-11-03 22:05:01.545587,3996.68,0,0.9999781607126422,SELL,0.06535185185185599,1,10000.212099999999,1,
2025-11-03 22:05:06.596644,3996.55,0,0.9999781607126422,SELL,0.06601851851851699,2,10000.212099999999,2,
2025-11-03 22:05:11.635584,3996.76,0,0.9999781607126422,SELL,0.06735185185184911,2,10000.21,2,
2025-11-03 22:05:16.679971,3997.18,0,0.9999781607126422,SELL,0.07068518518517437,1,10000.2008,1,
2025-11-03 22:05:21.731634,3997.72,0,0.9999781607126422,SELL,0.0829074074073939,1,10000.1954,1,
2025-11-03 22:05:26.801052,3997.65,0,0.9999781607126422,SELL,0.07998148148146138,2,10000.1954,2,
2025-11-03 22:05:31.845636,3997.66,0,0.9999781607126422,SELL,0.06881481481478086,3,10000.1954,3,
2025-11-03 22:05:36.889760,3998.43,0,0.9999781607126422,SELL,0.0834814814814544,1,10000.1728,1,
2025-11-03 22:05:41.935274,3999.25,0,0.9999781607126422,SELL,0.07385185185182847,1,10000.1646,1,
2025-11-03 22:05:46.974918,3999.43,0,0.9999781607126422,SELL,0.07274074074071332,2,10000.1646,2,
2025-11-03 22:05:52.021940,3999.65,0,0.9999781607126422,SELL,0.07474074074072665,1,10000.158399999998,1,
2025-11-03 22:05:57.065031,3999.42,0,0.9999781607126422,SELL,0.0751851851851707,2,10000.158399999998,2,
2025-11-03 22:06:02.112785,4000.19,0,0.9999781607126422,SELL,0.08296296296295655,1,10000.145299999998,1,
2025-11-03 22:06:07.154527,4000.41,0,0.9999781607126422,SELL,0.07285185185184201,1,10000.143099999998,1,
2025-11-03 22:06:12.206972,4001.15,0,0.9999781607126422,SELL,0.08444444444443838,1,10000.137299999997,1,
2025-11-03 22:06:17.262764,4001.26,0,0.9999781607126422,SELL,0.09022222222223113,2,10000.137299999997,2,
2025-11-03 22:06:22.304693,4001.4,0,0.9999781607126422,SELL,0.07577777777778465,2,10000.134799999996,2,
2025-11-03 22:06:27.343501,4001.32,0,0.9999781607126422,SELL,0.05977777777777899,3,10000.134799999996,3,
2025-11-03 22:06:32.397344,4001.38,0,0.9999781607126422,HOLD,0.05711111111111475,3,10000.134799999996,,
2025-11-03 22:06:37.441899,4001.62,0,0.9999781607126422,SELL,0.057555555555548685,1,10000.125999999995,1,
2025-11-03 22:06:42.495469,4001.45,0,0.9999781607126422,SELL,0.058740740740727736,1,10000.129399999994,1,
2025-11-03 22:06:47.536595,4001.6,0,0.9999781607126422,SELL,0.04874074074072168,2,10000.129399999994,2,
2025-11-03 22:06:52.577301,4000.7,0,0.9999781607126422,SELL,0.06385185185183924,1,10000.145899999994,1,
2025-11-03 22:06:57.621744,4000.49,0,0.9999781607126422,SELL,0.055629629629619454,2,10000.145899999994,2,
2025-11-03 22:07:02.677417,4000.6,0,0.9999781607126422,SELL,0.05207407407405703,3,10000.145899999994,3,
2025-11-03 22:07:07.717279,4000.59,0,0.9999781607126422,HOLD,0.04918518518516571,3,10000.145899999994,,
2025-11-03 22:07:12.762694,3999.53,0,0.9999781607126422,SELL,0.07685185185183248,1,10000.177899999993,1,
2025-11-03 22:07:17.815888,3999.53,0,0.9999781607126422,SELL,0.07551851851850036,2,10000.177899999993,2,
2025-11-03 22:07:22.854602,3999.64,0,0.9999781607126422,SELL,0.07262962962960905,3,10000.177899999993,3,
2025-11-03 22:07:27.895890,3999.21,0,0.9999781607126422,SELL,0.0758888888888704,1,10000.188599999992,1,
2025-11-03 22:07:32.938768,3999.11,0,0.9999781607126422,SELL,0.07099999999998595,2,10000.188599999992,2,
2025-11-03 22:07:37.992952,3999.02,0,0.9999781607126422,SELL,0.05299999999998717,3,10000.188599999992,3,
2025-11-03 22:07:43.041729,3999.38,0,0.9999781607126422,SELL,0.056333333333322515,2,10000.182299999993,2,
2025-11-03 22:07:48.086920,3999.15,0,0.9999781607126422,SELL,0.05899999999998676,3,10000.182299999993,3,
2025-11-03 22:07:53.140727,3998.97,0,0.9999781607126422,SELL,0.060333333333328985,3,10000.185299999994,3,
2025-11-03 22:07:58.182886,3998.87,0,0.9999781607126422,SELL,0.035555555555553536,3,10000.188699999993,3,
2025-11-03 22:08:03.238956,3998.43,0,0.9999781607126422,SELL,0.045333333333332525,1,10000.205699999993,1,
2025-11-03 22:08:08.283041,3998.28,0,0.9999781607126422,SELL,0.0462222222222206,2,10000.205699999993,2,
2025-11-03 22:08:13.328895,3998.67,0,0.9999781607126422,SELL,0.045333333333332525,1,10000.199399999994,1,
2025-11-03 22:08:18.371961,3998.8,0,0.9999781607126422,SELL,0.045518518518521754,2,10000.199399999994,2,
2025-11-03 22:08:23.412931,3999.1,0,0.9999781607126422,SELL,0.05018518518517913,1,10000.192099999993,1,
2025-11-03 22:08:28.456852,4000.03,0,0.9999781607126422,SELL,0.06801851851851771,1,10000.182799999993,1,
2025-11-03 22:08:33.503283,4001.51,0,0.9999781607126422,SELL,0.09031481481481395,1,10000.167999999992,1,
2025-11-03 22:08:38.544759,4001.82,0,0.9999781607126422,SELL,0.09564814814814242,1,10000.164899999992,1,
2025-11-03 22:08:43.593898,4002.41,0,0.9999781607126422,SELL,0.10009259259258281,1,10000.160799999992,1,
2025-11-03 22:08:48.632527,4002.79,0,0.9999781607126422,SELL,0.10275925925924706,1,10000.156999999992,1,
2025-11-03 22:08:53.673941,4002.91,0,0.9999781607126422,SELL,0.10209259259258606,2,10000.156999999992,2,
2025-11-03 22:08:58.722955,4003.24,0,0.9999781607126422,SELL,0.10259259259258686,1,10000.149199999993,1,
2025-11-03 22:09:03.765776,4003.12,0,0.9999781607126422,SELL,0.10240740740739764,2,10000.149199999993,2,
2025-11-03 22:09:08.804071,4003.13,0,0.9999781607126422,SELL,0.0959629629629641,3,10000.149199999993,3,
2025-11-03 22:09:13.847288,4003.11,0,0.9999781607126422,HOLD,0.07057407407406673,3,10000.149199999993,,
2025-11-03 22:09:18.887420,4003.09,0,0.9999781607126422,HOLD,0.04361111111110302,3,10000.149199999993,,
2025-11-03 22:09:23.928542,4003.68,0,0.9999781607126422,SELL,0.04983333333331958,1,10000.133699999993,1,
2025-11-03 22:09:28.968720,4003.46,0,0.9999781607126422,SELL,0.045611111111096156,2,10000.133699999993,2,
2025-11-03 22:09:34.016680,4003.65,0,0.9999781607126422,SELL,0.03738888888887636,3,10000.133699999993,3,
2025-11-03 22:09:39.058879,4003.95,0,0.9999781607126422,SELL,0.041388888888872724,1,10000.123099999993,1,
2025-11-03 22:09:44.108961,4003.91,0,0.9999781607126422,SELL,0.03311111111109616,2,10000.123099999993,2,
2025-11-03 22:09:49.147791,4003.22,0,0.9999781607126422,SELL,0.04622222222221051,1,10000.137299999993,1,
2025-11-03 22:09:54.205921,4003.23,0,0.9999781607126422,SELL,0.04622222222221051,2,10000.137299999993,2,
2025-11-03 22:09:59.247031,4002.5,0,0.9999781607126422,SELL,0.06199999999998908,1,10000.151799999992,1,
2025-11-03 22:10:04.292621,4003.18,0,0.9999781607126422,SELL,0.07666666666665252,1,10000.144999999993,1,
2025-11-03 22:10:09.334018,4003.33,0,0.9999781607126422,SELL,0.06688888888888364,2,10000.144999999993,2,
2025-11-03 22:10:14.372018,4003.05,0,0.9999781607126422,SELL,0.06718518518517966,3,10000.144999999993,3,
2025-11-03 22:10:19.411651,4002.9,0,0.9999781607126422,SELL,0.06712962962962542,3,10000.149299999994,3,
2025-11-03 22:10:24.460968,4003.18,0,0.9999781607126422,SELL,0.06668518518518138,3,10000.146499999993,3,
2025-11-03 22:10:29.503581,4003.14,0,0.9999781607126422,HOLD,0.0669074074074034,3,10000.146499999993,,
2025-11-03 22:10:34.551039,4002.94,0,0.9999781607126422,HOLD,0.054722222222218356,3,10000.146499999993,,
2025-11-03 22:10:39.598823,4002.71,0,0.9999781607126422,SELL,0.0602777777777638,1,10000.159299999992,1,
2025-11-03 22:10:44.637605,4004.09,0,0.9999781607126422,SELL,0.06961111111109876,1,10000.145499999991,1,
2025-11-03 22:10:49.678845,4003.69,0,0.9999781607126422,SELL,0.0633888888888822,1,10000.149499999992,1,
2025-11-03 22:10:54.718838,4003.87,0,0.9999781607126422,SELL,0.0640555555555432,2,10000.149499999992,2,
2025-11-03 22:10:59.767554,4003.41,0,0.9999781607126422,SELL,0.07164814814814152,2,10000.154099999992,2,
2025-11-03 22:11:04.809715,4003.63,0,0.9999781607126422,SELL,0.07237037037036687,2,10000.151899999992,2,
2025-11-03 22:11:09.853537,4004.02,0,0.9999781607126422,SELL,0.07337037037037016,1,10000.144699999992,1,
2025-11-03 22:11:14.895665,4003.9,0,0.9999781607126422,SELL,0.0749259259259243,2,10000.144699999992,2,
2025-11-03 22:11:19.944845,4003.86,0,0.9999781607126422,SELL,0.07266666666666288,3,10000.144699999992,3,
2025-11-03 22:11:24.982890,4004.16,0,0.9999781607126422,SELL,0.07355555555555096,2,10000.139099999991,2,
2025-11-03 22:11:30.025843,4003.7,0,0.9999781607126422,SELL,0.05822222222221643,1,10000.14689999999,1,
2025-11-03 22:11:35.068865,4003.28,0,0.9999781607126422,SELL,0.060999999999981576,1,10000.15109999999,1,
2025-11-03 22:11:40.110631,4003.12,0,0.9999781607126422,SELL,0.059962962962953906,2,10000.15109999999,2,
2025-11-03 22:11:45.149952,4003.26,0,0.9999781607126422,SELL,0.050296296296293494,3,10000.15109999999,3,
2025-11-03 22:11:50.194610,4003.39,0,0.9999781607126422,SELL,0.048296296296280156,3,10000.148399999991,3,
2025-11-03 22:11:55.239136,4003.44,0,0.9999781607126422,HOLD,0.042185185185175444,3,10000.148399999991,,
2025-11-03 22:12:00.277835,4003.9,0,0.9999781607126422,SELL,0.04974074074073423,1,10000.13069999999,1,
2025-11-03 22:12:05.317282,4003.82,0,0.9999781607126422,SELL,0.050629629629622315,2,10000.13069999999,2,
2025-11-03 22:12:10.359866,4003.81,0,0.9999781607126422,SELL,0.04418518518518878,3,10000.13069999999,3,
2025-11-03 22:12:15.400461,4003.78,0,0.9999781607126422,HOLD,0.034518518518516596,3,10000.13069999999,,
2025-11-03 22:12:20.448290,4003.91,0,0.9999781607126422,HOLD,0.026462962962962057,3,10000.13069999999,,
2025-11-03 22:12:25.497080,4003.99,0,0.9999781607126422,HOLD,0.025277777777769524,3,10000.13069999999,,
2025-11-03 22:12:30.541520,4004.3,0,0.9999781607126422,SELL,0.02905555555554892,1,10000.11699999999,1,
2025-11-03 22:12:35.588570,4004.05,0,0.9999781607126422,SELL,0.030981481481486568,2,10000.11699999999,2,
2025-11-03 22:12:40.645845,4004.15,0,0.9999781607126422,SELL,0.03231481481481868,3,10000.11699999999,3,
2025-11-03 22:12:45.701617,4004.08,0,0.9999781607126422,HOLD,0.023648148148154854,3,10000.11699999999,,
2025-11-03 22:12:50.751985,4003.94,0,0.9999781607126422,SELL,0.025481481481492832,3,10000.12049999999,3,
2025-11-03 22:12:55.791548,4003.72,0,0.9999781607126422,SELL,0.031648148148155156,2,10000.12809999999,2,
2025-11-03 22:13:00.833569,4003.43,0,0.9999781607126422,SELL,0.03569576719577834,2,10000.133199999991,2,
2025-11-03 22:13:05.877337,4003.24,0,0.9999781607126422,SELL,0.03630687830690026,2,10000.137999999992,2,
2025-11-03 22:13:10.916885,4003.01,0,0.9999781607126422,SELL,0.039640211640225506,2,10000.142199999991,2,
2025-11-03 22:13:15.975632,4003.58,0,0.9999781607126422,SELL,0.04541798941798793,1,10000.133099999992,1,
2025-11-03 22:13:21.018944,4003.63,0,0.9999781607126422,SELL,0.04171428571428423,2,10000.133099999992,2,
2025-11-03 22:13:26.065445,4003.5,0,0.9999781607126422,SELL,0.041936507936501194,3,10000.133099999992,3,
2025-11-03 22:13:31.120969,4003.57,0,0.9999781607126422,HOLD,0.04204761904760715,3,10000.133099999992,,
2025-11-03 22:13:36.165716,4003.81,0,0.9999781607126422,SELL,0.043769841269821495,2,10000.127699999992,2,
2025-11-03 22:13:41.206595,4003.78,0,0.9999781607126422,SELL,0.037936507936482934,3,10000.127699999992,3,
2025-11-03 22:13:46.255923,4003.85,0,0.9999781607126422,SELL,0.034888888888857994,3,10000.125499999991,3,
2025-11-03 22:13:51.296520,4004.22,0,0.9999781607126422,SELL,0.03888888888885436,1,10000.113299999992,1,
2025-11-03 22:13:56.344145,4004.13,0,0.9999781607126422,SELL,0.03577777777774608,2,10000.113299999992,2,
2025-11-03 22:14:01.390757,4004.47,0,0.9999781607126422,SELL,0.03066666666663456,1,10000.107399999992,1,
2025-11-03 22:14:06.445538,4004.12,0,0.9999781607126422,SELL,0.037333333333295166,1,10000.110899999992,1,
2025-11-03 22:14:11.494832,4004.11,0,0.9999781607126422,SELL,0.03622222222218001,2,10000.110899999992,2,
2025-11-03 22:14:16.534642,4003.78,0,0.9999781607126422,SELL,0.03955555555551452,1,10000.117599999992,1,
2025-11-03 22:14:21.574514,4003.7,0,0.9999781607126422,SELL,0.035999999999972304,2,10000.117599999992,2,
2025-11-03 22:14:26.613413,4003.86,0,0.9999781607126422,SELL,0.0389999999999839,3,10000.117599999992,3,
2025-11-03 22:14:31.654624,4003.85,0,0.9999781607126422,HOLD,0.03772222222221865,3,10000.117599999992,,
2025-11-03 22:14:36.706651,4004.11,0,0.9999781607126422,SELL,0.03431481481481771,1,10000.107699999991,1,
2025-11-03 22:14:41.752649,4004.05,0,0.9999781607126422,SELL,0.03398148148148973,2,10000.107699999991,2,
2025-11-03 22:14:46.800739,4003.78,0,0.9999781607126422,SELL,0.03242592592594065,2,10000.110999999992,2,
2025-11-03 22:14:51.843891,4003.88,0,0.9999781607126422,SELL,0.026500000000015057,3,10000.110999999992,3,
2025-11-03 22:14:56.887381,4003.75,0,0.9999781607126422,SELL,0.027833333333357285,3,10000.113999999992,3,
2025-11-03 22:15:01.932580,4003.39,0,0.9999781607126422,SELL,0.03083333333336045,1,10000.126399999992,1,
2025-11-03 22:15:06.979736,4003.88,0,0.9999781607126422,SELL,0.03994444444446833,1,10000.121499999992,1,
2025-11-03 22:15:12.033856,4003.9,0,0.9999781607126422,SELL,0.036944444444460954,2,10000.121499999992,2,
2025-11-03 22:15:17.081786,4003.26,0,0.9999781607126422,SELL,0.0485185185185266,1,10000.134099999992,1,
2025-11-03 22:15:22.122883,4003.18,0,0.9999781607126422,SELL,0.04614814814814491,2,10000.134099999992,2,
2025-11-03 22:15:27.173069,4003.22,0,0.9999781607126422,SELL,0.047814814814815115,3,10000.134099999992,3,
2025-11-03 22:15:32.218655,4002.36,0,0.9999781607126422,SELL,0.060925925925919354,1,10000.159899999991,1,
2025-11-03 22:15:37.269748,4002.83,0,0.9999781607126422,SELL,0.06996296296295322,1,10000.154999999992,1,
2025-11-03 22:15:42.313700,4002.6,0,0.9999781607126422,SELL,0.07262962962961747,2,10000.154999999992,2,
2025-11-03 22:15:47.364502,4002.69,0,0.9999781607126422,SELL,0.06662962962961788,3,10000.154999999992,3,
2025-11-03 22:15:52.405797,4002.47,0,0.9999781607126422,SELL,0.05981481481480252,3,10000.158599999992,3,
2025-11-03 22:15:57.454710,4002.57,0,0.9999781607126422,HOLD,0.06148148148147777,3,10000.158599999992,,
2025-11-03 22:16:02.493529,4002.89,0,0.9999781607126422,SELL,0.056740740740732924,1,10000.149499999992,1,
2025-11-03 22:16:07.534587,4002.96,0,0.9999781607126422,SELL,0.056240740740744734,2,10000.149499999992,2,
2025-11-03 22:16:12.575474,4002.94,0,0.9999781607126422,SELL,0.05327777777777942,3,10000.149499999992,3,
2025-11-03 22:16:17.619665,4002.29,0,0.9999781607126422,SELL,0.04861111111112207,1,10000.168699999991,1,
2025-11-03 22:16:22.656982,4002.35,0,0.9999781607126422,SELL,0.03905555555557014,2,10000.168699999991,2,
2025-11-03 22:16:27.697260,4002.55,0,0.9999781607126422,SELL,0.03794444444446509,1,10000.16409999999,1,
2025-11-03 22:16:32.747634,4002.95,0,0.9999781607126422,SELL,0.04483333333334266,1,10000.16009999999,1,
2025-11-03 22:16:37.800512,4003.28,0,0.9999781607126422,SELL,0.0480925925926057,1,10000.15679999999,1,
2025-11-03 22:16:42.846478,4003.72,0,0.9999781607126422,SELL,0.05809259259258649,1,10000.15239999999,1,
2025-11-03 22:16:47.886999,4003.77,0,0.9999781607126422,SELL,0.05190740740741115,2,10000.15239999999,2,
2025-11-03 22:16:52.939669,4004.01,0,0.9999781607126422,SELL,0.0588518518518598,1,10000.147099999991,1,
2025-11-03 22:16:57.987128,4004.57,0,0.9999781607126422,SELL,0.0673703703703778,1,10000.14149999999,1,
2025-11-03 22:17:03.033042,4004.72,0,0.9999781607126422,SELL,0.05625925925925658,2,10000.14149999999,2,
2025-11-03 22:17:08.075058,4004.88,0,0.9999781607126422,SELL,0.05848148148148688,2,10000.13839999999,2,
2025-11-03 22:17:13.135045,4004.99,0,0.9999781607126422,SELL,0.05648148148147355,2,10000.135699999992,2,
2025-11-03 22:17:18.174605,4004.68,0,0.9999781607126422,SELL,0.05448148148148041,2,10000.138799999992,2,
2025-11-03 22:17:23.215285,4005.06,0,0.9999781607126422,SELL,0.055592592592585456,2,10000.134999999991,2,
2025-11-03 22:17:28.293424,4005.14,0,0.9999781607126422,SELL,0.04514814814815052,2,10000.132399999991,2,
2025-11-03 22:17:33.340912,4005.02,0,0.9999781607126422,SELL,0.04644444444444143,3,10000.132399999991,3,
2025-11-03 22:17:38.381747,4005.55,0,0.9999781607126422,SELL,0.04922222222221247,1,10000.12139999999,1,
2025-11-03 22:17:43.425576,4005.74,0,0.9999781607126422,SELL,0.04699999999998504,2,10000.12139999999,2,
2025-11-03 22:17:48.470790,4006.05,0,0.9999781607126422,SELL,0.05055555555555758,1,10000.113299999992,1,
2025-11-03 22:17:53.510907,4006.28,0,0.9999781607126422,SELL,0.05125925925925475,1,10000.110999999992,1,
2025-11-03 22:17:58.559990,4006.02,0,0.9999781607126422,SELL,0.056037037037045864,2,10000.110999999992,2,
2025-11-03 22:18:03.601552,4006.03,0,0.9999781607126422,SELL,0.04933333333334742,3,10000.110999999992,3,
2025-11-03 22:18:08.644490,4006.13,0,0.9999781607126422,HOLD,0.043111111111120745,3,10000.110999999992,,
2025-11-03 22:18:13.732951,4007.1,0,0.9999781607126422,SELL,0.06288888888889571,1,10000.08129999999,1,
2025-11-03 22:18:18.777612,4007.31,0,0.9999781607126422,SELL,0.06533333333334297,1,10000.079199999991,1,
2025-11-03 22:18:23.814942,4007.53,0,0.9999781607126422,SELL,0.05855555555556882,1,10000.07699999999,1,
2025-11-03 22:18:28.858566,4007.56,0,0.9999781607126422,SELL,0.05272222222223448,2,10000.07699999999,2,
2025-11-03 22:18:33.905565,4008.03,0,0.9999781607126422,SELL,0.053611111111112456,1,10000.06969999999,1,
2025-11-03 22:18:38.948806,4008.37,0,0.9999781607126422,SELL,0.05805555555556127,1,10000.066199999988,1,
2025-11-03 22:18:43.988736,4008.15,0,0.9999781607126422,SELL,0.05594444444444451,2,10000.066199999988,2,
2025-11-03 22:18:49.039906,4008.18,0,0.9999781607126422,SELL,0.05642592592591628,3,10000.066199999988,3,
2025-11-03 22:18:54.083612,4007.97,0,0.9999781607126422,SELL,0.058870370370363564,3,10000.07019999999,3,
2025-11-03 22:18:59.127190,4007.11,0,0.9999781607126422,SELL,0.05642592592591628,1,10000.099899999988,1,
2025-11-03 22:19:04.166580,4008.36,0,0.9999781607126422,SELL,0.07953703703702658,1,10000.087399999988,1,
2025-11-03 22:19:09.213629,4008.23,0,0.9999781607126422,SELL,0.07753703703702336,2,10000.087399999988,2,
2025-11-03 22:19:14.264962,4008.41,0,0.9999781607126422,SELL,0.08114814814813749,2,10000.085399999987,2,
2025-11-03 22:19:19.309747,4008.48,0,0.9999781607126422,SELL,0.0744814814814769,3,10000.085399999987,3,
2025-11-03 22:19:24.358589,4008.46,0,0.9999781607126422,HOLD,0.06622222222221252,3,10000.085399999987,,
2025-11-03 22:19:29.409616,4008.59,0,0.9999781607126422,SELL,0.06351851851851044,3,10000.083099999987,3,
2025-11-03 22:19:34.452903,4008.75,0,0.9999781607126422,SELL,0.06640740740740175,2,10000.076999999988,2,
2025-11-03 22:19:39.497331,4009.0,0,0.9999781607126422,SELL,0.06729629629628983,1,10000.070399999988,1,
2025-11-03 22:19:44.538496,4008.8,0,0.9999781607126422,SELL,0.05262962962962639,2,10000.070399999988,2,
2025-11-03 22:19:49.586614,4008.67,0,0.9999781607126422,SELL,0.025962962962963774,3,10000.070399999988,3,
2025-11-03 22:19:54.640868,4008.76,0,0.9999781607126422,HOLD,0.02329629629629953,3,10000.070399999988,,
2025-11-03 22:19:59.689098,4008.45,0,0.9999781607126422,SELL,0.021962962962977516,3,10000.074199999988,3,
2025-11-03 22:20:04.725717,4008.58,0,0.9999781607126422,HOLD,0.02174074074075044,3,10000.074199999988,,
2025-11-03 22:20:09.773021,4008.48,0,0.9999781607126422,SELL,0.023518518518526602,3,10000.077399999987,3,
2025-11-03 22:20:14.812477,4008.56,0,0.9999781607126422,HOLD,0.022888888888893334,3,10000.077399999987,,
2025-11-03 22:20:19.862143,4007.89,0,0.9999781607126422,SELL,0.034222222222231514,1,10000.096699999987,1,
2025-11-03 22:20:24.920989,4007.98,0,0.9999781607126422,SELL,0.030666666666679197,2,10000.096699999987,2,
2025-11-03 22:20:29.961637,4008.15,0,0.9999781607126422,SELL,0.030000000000018193,2,10000.094099999988,2,
2025-11-03 22:20:35.003020,4008.21,0,0.9999781607126422,SELL,0.029333333333347075,3,10000.094099999988,3,
2025-11-03 22:20:40.047166,4008.3,0,0.9999781607126422,SELL,0.03244444444445535,3,10000.090699999988,3,
2025-11-03 22:20:45.087379,4008.25,0,0.9999781607126422,HOLD,0.03177777777778425,3,10000.090699999988,,
2025-11-03 22:20:50.128661,4008.39,0,0.9999781607126422,SELL,0.03488888888889253,3,10000.088299999989,3,
2025-11-03 22:20:55.169448,4008.09,0,0.9999781607126422,HOLD,0.03933333333333293,3,10000.088299999989,,
2025-11-03 22:21:00.217256,4007.71,0,0.9999781607126422,SELL,0.046000000000003635,1,10000.105999999987,1,
2025-11-03 22:21:05.257673,4008.1,0,0.9999781607126422,SELL,0.03977777777777697,1,10000.102099999987,1,
2025-11-03 22:21:10.309621,4007.86,0,0.9999781607126422,SELL,0.04311111111110222,2,10000.102099999987,2,
2025-11-03 22:21:15.364674,4007.84,0,0.9999781607126422,SELL,0.039777777777766865,3,10000.102099999987,3,
2025-11-03 22:21:20.407377,4007.89,0,0.9999781607126422,HOLD,0.04044444444442787,3,10000.102099999987,,
2025-11-03 22:21:25.450945,4007.88,0,0.9999781607126422,HOLD,0.03729629629627332,3,10000.102099999987,,
2025-11-03 22:21:30.493727,4007.88,0,0.9999781607126422,HOLD,0.03485185185182604,3,10000.102099999987,,
2025-11-03 22:21:35.539748,4008.02,0,0.9999781607126422,HOLD,0.033962962962937965,3,10000.102099999987,,
2025-11-03 22:21:40.581395,4007.99,0,0.9999781607126422,HOLD,0.027962962962948486,3,10000.102099999987,,
2025-11-03 22:21:45.661491,4007.84,0,0.9999781607126422,HOLD,0.022851851851826865,3,10000.102099999987,,
2025-11-03 22:21:50.710428,4008.07,0,0.9999781607126422,SELL,0.019296296296274534,2,10000.097699999988,2,
2025-11-03 22:21:55.753459,4008.21,0,0.9999781607126422,SELL,0.017074074074054337,3,10000.097699999988,3,
2025-11-03 22:22:00.800029,4008.47,0,0.9999781607126422,SELL,0.022407407407382816,1,10000.087399999988,1,
2025-11-03 22:22:05.842644,4008.7,0,0.9999781607126422,SELL,0.02640740740738929,1,10000.085099999988,1,
2025-11-03 22:22:10.924665,4008.72,0,0.9999781607126422,SELL,0.027333333333313527,2,10000.085099999988,2,
2025-11-03 22:22:16.011540,4009.06,0,0.9999781607126422,SELL,0.03644444444442141,1,10000.078099999988,1,
2025-11-03 22:22:21.063416,4009.42,0,0.9999781607126422,SELL,0.04133333333331595,1,10000.074499999988,1,
2025-11-03 22:22:26.111947,4009.25,0,0.9999781607126422,SELL,0.04444444444442424,2,10000.074499999988,2,
2025-11-03 22:22:31.156762,4009.09,0,0.9999781607126422,SELL,0.04466666666665132,2,10000.077799999988,2,
2025-11-03 22:22:36.200991,4009.1,0,0.9999781607126422,SELL,0.03977777777775676,3,10000.077799999988,3,
